GARE_IDE_GAR;GARE_IDE_GAR_ORI;GARE_IDE_GAR_DES;COMMUNE;commune;LATITUDE;LONGITUDE;ZONE_GARE_ORI;ZONE_GARE_DES;ZONE_GARE
113001;113001;113001;75110;Paris;48.8767766066; 2.358414927;1;1;1
113472;113472;113472;93062;Le Raincy;48.8892773749; 2.51205637004;4;4;4
113779;113779;113779;94017;Champigny-sur-Marne;48.8249271629; 2.51209824083;3;3;3
113803;113803;113803;93051;Noisy-le-Grand;48.8231906883; 2.57979540155;4;4;4
113860;113860;113860;93057;Livry-Gargan;48.9082235013; 2.51727383269;4;4;4
113894;113894;113894;93071;Sevran;48.9270396905; 2.5189895135;4;4;4
116020;116020;116020;77350;Ozoir-la-Ferrière;48.770713265; 2.68993639666;5;5;5
116046;116046;116046;77373;Pontault-Combault;48.8060035996; 2.61771918549;5;5;5
116087;116087;116087;77317;Mormant;48.613224928; 2.88948293637;5;5;5
116228;116228;116228;77229;Marles-en-Brie;48.7354136323; 2.86932424041;5;5;5
116244;116244;116244;77318;Mortcerf;48.7893454005; 2.90770615404;5;5;5
116277;116277;116277;77371;Pommeuse;48.8085349039; 2.99318415513;5;5;5
116392;116392;116392;77182;La Ferté-Gaucher;48.7827110308; 3.29755777978;5;5;5
116400;116400;116400;77315;Montry;48.8908111565; 2.8262287351;5;5;5
116491;116491;116491;77475;Trilport;48.9600729681; 2.94935724218;5;5;5
116509;116509;116509;77084;Changis-sur-Marne;48.9593340234; 3.0256113065;5;5;5
116517;116517;116517;77183;La Ferté-sous-Jouarre;48.9507720863; 3.12540966146;5;5;5
116566;116566;116566;2555;Nogent-l'artaud;48.9687706778; 3.32293348418;100;100;100
116665;116665;116665;60280;Gourchelles;49.1353860698; 3.0752747316;100;100;100
271445;271445;271445;93071;Sevran;48.9476830486; 2.524451401;4;4;4
271478;271478;271478;93007;Le Blanc-Mesnil;48.9324610128; 2.47737901135;3;3;3
271577;271577;271577;60446;Nanteuil-le-Haudouin;49.1421716494; 2.79385216117;100;100;100
272146;272146;272146;92036;Gennevilliers;48.9201482202; 2.31471303257;3;3;3
276022;276022;276022;95210;Enghien-les-Bains;48.9730065501; 2.3065405136;4;4;4
276030;276030;276030;95598;Soisy-sous-Montmorency;48.9798046558; 2.29179173933;4;4;4
276139;276139;276139;95500;Pontoise;49.047019384; 2.09533109205;5;5;5
276147;276147;276147;95572;Saint-Ouen-l'Aumône;49.0545647101; 2.12201152598;5;5;5
276220;276220;276220;95019;Arnouville-les-Gonesse;48.9941925925; 2.41607904161;4;4;4
276253;276253;276253;95351;Louvres;49.049540601; 2.50222230081;5;5;5
276279;276279;276279;60482;Orry-la-Ville;49.1387128399; 2.48959350843;100;100;100
276360;276360;276360;95288;Groslay;48.9845840299; 2.35353000434;4;4;4
276394;276394;276394;95229;Ezanville;49.0227293054; 2.3631340522;4;4;4
276410;276410;276410;60513;Précy-sur-Oise;49.203234752; 2.37636060597;100;100;100
276469;276469;276469;95487;Persan;49.1481493422; 2.27938439623;5;5;5
276543;276543;276543;95039;Auvers-sur-Oise;49.070607684; 2.17529699034;5;5;5
276568;276568;276568;95652;Viarmes;49.1163064814; 2.36780775232;5;5;5
276576;276576;276576;95352;Luzarches;49.117045597; 2.41993534167;5;5;5
276675;276675;276675;95392;Mériel;49.0778512192; 2.20536692885;5;5;5
281873;281873;281873;75110;Paris;48.8794550031; 2.35732593188;1;1;1
332932;332932;332932;91294;Guillerval;48.370995806; 2.08207328137;5;5;5
366922;366922;366922;78551;Saint-Germain-en-Laye;48.8950238658; 2.07194236158;4;4;4
381087;381087;381087;92025;Colombes;48.9237108213; 2.25953314227;3;3;3
381491;381491;381491;78015;Andrésy;48.9747479366; 2.04921372466;5;5;5
381509;381509;381509;78361;Mantes-la-Jolie;48.9896873515; 1.7032941813;5;5;5
381590;381590;381590;78361;Mantes-la-Jolie;48.9836142513; 1.71562987614;5;5;5
381715;381715;381715;78368;Mareil-sur-Mauldre;48.8930624961; 1.87185282015;5;5;5
382267;382267;382267;92076;Vaucresson;48.836784962; 2.15255479028;4;4;4
382358;382358;382358;92064;Saint-Cloud;48.8443540357; 2.21690859829;3;3;3
387092;387092;387092;27119;Bueil;48.9250899118; 1.44377555077;100;100;100
393009;393009;393009;78646;Versailles;48.7955663445; 2.13546496397;4;4;4
393074;393074;393074;92040;Issy-les-Moulineaux;48.8200598727; 2.25932087481;2;2;2
393298;393298;393298;78486;Le Perray-en-Yvelines;48.6925852309; 1.85633484373;5;5;5
393421;393421;393421;78490;Plaisir;48.8317373306; 1.94319450577;5;5;5
393454;393454;393454;78605;Tacoignières;48.8295900385; 1.66932426561;5;5;5
393645;393645;393645;91345;Longjumeau;48.6852431878; 2.31766558108;4;4;4
393843;393843;393843;78423;Montigny-le-Bretonneux;48.7879626643; 2.04468643564;5;5;5
394114;394114;394114;28140;Epernon;48.5831533602; 1.62768739729;100;100;100
394130;394130;394130;28227;Maintenon;48.5853643047; 1.59245485785;100;100;100
394148;394148;394148;28357;Saint-Piat;48.5424409263; 1.59010244864;100;100;100
419952;419952;419952;60614;Serans;49.1858313836; 1.83583096064;100;100;100
492108;492108;492108;94081;Vitry-sur-Seine;48.7828360607; 2.40914828931;3;3;3
540179;540179;540179;91200;Dourdan;48.5356737195; 1.99487866205;5;5;5
545145;545145;545145;91226;Etréchy;48.4935610644; 2.19438536557;5;5;5
545160;545160;545160;91330;Lardy;48.5208671409; 2.25536941021;5;5;5
545210;545210;545210;91549;Sainte-Geneviève-des-Bois;48.6530895138; 2.3127529;5;5;5
545251;545251;545251;91027;Athis-Mons;48.7127944; 2.40314310669;4;4;4
545301;545301;545301;94041;Ivry-sur-Seine;48.8143839943; 2.39106475934;2;2;2
545350;545350;545350;91223;Etampes;48.427593794; 2.14520579403;5;5;5
545459;545459;545459;91457;La Norville;48.5916132336; 2.2674134527;5;5;5
545491;545491;545491;91105;Breuillet;48.5649002906; 2.17146323878;5;5;5
545707;545707;545707;28422;Voves;48.274974514; 1.62217099624;100;100;100
681007;681007;681007;91174;Corbeil-Essonnes;48.6141179308; 2.47389296086;5;5;5
681312;681312;681312;91687;Viry-Châtillon;48.6760751629; 2.38641557346;4;4;4
681338;681338;681338;91521;Ris-Orangis;48.659296221; 2.41440509683;5;5;5
681395;681395;681395;91228;Evry;48.6232392312; 2.45083926614;5;5;5
682005;682005;682005;77288;Melun;48.5275966344; 2.65539176037;5;5;5
682120;682120;682120;91114;Brunoy;48.6990474124; 2.50656952687;5;5;5
682153;682153;682153;77296;Moissy-Cramayel;48.6284764876; 2.57006099644;5;5;5
682211;682211;682211;77014;Avon;48.416373943; 2.7264708082;5;5;5
682468;682468;682468;77494;Vernou-la-Celle-sur-Seine;48.3871918594; 2.84237865621;5;5;5
683136;683136;683136;89309;Pont-sur-Yonne;48.2866954166; 3.20174953421;100;100;100
683243;683243;683243;89206;Joigny;47.973553839; 3.39399460049;100;100;100
684415;684415;684415;45191;Malesherbes;48.2933666272; 2.4010261721;100;100;100
758078;758078;758078;78650;Le Vésinet;48.8903029033; 2.13468726683;4;4;4
758086;758086;758086;78650;Le Vésinet;48.8982617452; 2.12225185668;4;4;4
758094;758094;758094;78551;Saint-Germain-en-Laye;48.8984691709; 2.09453884287;4;4;4
758144;758144;758144;94042;Joinville-le-Pont;48.8210157404; 2.46380759996;3;3;3
758326;758326;758326;94015;Bry-sur-Marne;48.844309728; 2.5262979201;4;4;4
758359;758359;758359;77337;Noisiel;48.8435754749; 2.61635637918;5;5;5
758607;758607;758607;75101;Paris;48.8575990354; 2.34741546883;1;1;1
758615;758615;758615;75105;Paris;48.84701219; 2.34056375045;1;1;1
758649;758649;758649;75114;Paris;48.8199505249; 2.34053480316;1;1;1
758680;758680;758680;94016;Cachan;48.7932107738; 2.32101212686;3;3;3
758714;758714;758714;92032;Fontenay-aux-Roses;48.7875498744; 2.29198724405;3;3;3
758862;758862;758862;91122;Bures-sur-Yvette;48.6947648701; 2.15318113824;5;5;5
758888;758888;758888;91272;Gif-sur-Yvette;48.7009426381; 2.09904538368;5;5;5
113704;113704;113704;93064;Rosny-sous-Bois;48.8707365481; 2.48559085409;3;3;3
116095;116095;116095;77327;Nangis;48.5614914155; 3.01241107757;5;5;5
116210;116210;116210;77470;Tournan-en-Brie;48.7391987163; 2.7593959944;5;5;5
116673;116673;116673;2307;La Ferté-Milon;49.17955597; 3.12102785979;100;100;100
116749;116749;116749;77142;Villiers-sur-Morin;48.8631530283; 2.88296287419;5;5;5
116772;116772;116772;77142;Crécy-la-Chapelle;48.8595413958; 2.9057267856;5;5;5
271122;271122;271122;93031;Epinay-sur-Seine;48.9583799869; 2.32884820025;3;3;3
271171;271171;271171;95197;Deuil-la-Barre;48.9663676293; 2.31663105732;4;4;4
271205;271205;271205;92036;Gennevilliers;48.9337077898; 2.30709579749;3;3;3
271247;271247;271247;93070;Saint-Ouen;48.905347806; 2.3224084353;2;2;2
271411;271411;271411;93005;Aulnay-sous-Bois;48.9318826001; 2.49441371193;4;4;4
271460;271460;271460;93073;Tremblay-en-France;49.0097447522; 2.56069879391;5;5;5
271536;271536;271536;77420;Saint-Mard;49.0319624789; 2.6987299167;5;5;5
271585;271585;271585;60479;Ormoy-Villers;49.2008926273; 2.83811205149;100;100;100
271593;271593;271593;60176;Crépy-en-Valois;49.231220388; 2.88844224326;100;100;100
272021;272021;272021;95660;Villaines-sous-Bois;49.0792979934; 2.3505368339;5;5;5
276006;276006;276006;60175;Creil;49.2641015333; 2.46907080816;100;100;100
276154;276154;276154;95572;Saint-Ouen-l'Aumône;49.0597820664; 2.1302213648;5;5;5
276170;276170;276170;95555;Saint-Gratien;48.9638146849; 2.28483149536;5;5;5
276188;276188;276188;95582;Sannois;48.970013299; 2.26372238519;4;4;4
276444;276444;276444;60086;Boran-sur-Oise;49.1672989351; 2.36252152612;100;100;100
276527;276527;276527;95480;Parmain;49.1140318769; 2.20957249819;5;5;5
276535;276535;276535;95120;Butry-sur-Oise;49.0918296452; 2.20237586217;5;5;5
276626;276626;276626;95607;Taverny;49.021390636; 2.23074753167;4;4;4
276667;276667;276667;95394;Méry-sur-Oise;49.0576430501; 2.19077460685;5;5;5
281899;281899;281899;75109;Paris;48.8735337311; 2.32824885164;1;1;1
328328;328328;328328;75113;Paris;48.8298309183; 2.37530322164;1;1;1
332965;332965;332965;91016;Angerville;48.3707826482; 1.99753551336;5;5;5
334482;334482;334482;95450;Neuville-sur-Oise;49.0141135729; 2.07888615344;5;5;5
381012;381012;381012;75117;Paris;48.8854627647; 2.29821136122;1;1;1
381020;381020;381020;75117;Paris;48.8776642848; 2.28174383914;1;1;1
381046;381046;381046;75116;Paris;48.8642235059; 2.2723998395;1;1;1
381079;381079;381079;92009;Bois-Colombes;48.9135363059; 2.27247445772;3;3;3
381111;381111;381111;75117;Paris;48.8875699026; 2.31401853193;1;1;1
381137;381137;381137;92004;Asnières-sur-Seine;48.9057768994; 2.28332241877;3;3;3
381160;381160;381160;95422;Montgeroult;49.0806565706; 2.00322127137;5;5;5
381244;381244;381244;27284;Gisors;49.2852574164; 1.78504836506;100;100;100
381426;381426;381426;95572;Saint-Ouen-l'Aumône;49.0400178346; 2.1036606548;5;5;5
381459;381459;381459;78172;Conflans-Sainte-Honorine;48.9891848652; 2.07455911528;5;5;5
381475;381475;381475;78138;Chanteloup-les-Vignes;48.9708118583; 2.02769552539;5;5;5
381814;381814;381814;78638;Vaux-sur-Seine;49.0069879925; 1.96359187721;5;5;5
381905;381905;381905;95127;Cergy;49.0365179881; 2.07971720177;5;5;5
382382;382382;382382;92062;Puteaux;48.8834917758; 2.2335382863;3;3;3
382861;382861;382861;78646;Versailles;48.8096143342; 2.1354511829;4;4;4
386052;386052;386052;78551;Saint-Germain-en-Laye;48.9551807035; 2.09202131475;5;5;5
386417;386417;386417;78586;Sartrouville;48.9377726159; 2.15721464809;4;4;4
386573;386573;386573;78498;Poissy;48.9331553703; 2.04113811959;5;5;5
386763;386763;386763;78217;Epône;48.9633027296; 1.80862937113;5;5;5
387001;387001;387001;27229;Evreux;49.0185587603; 1.14988766626;100;100;100
391532;391532;391532;92075;Vanves;48.8185217339; 2.29153832055;2;2;2
393033;393033;393033;75107;Paris;48.8623692316; 2.31259955332;1;1;1
393041;393041;393041;75107;Paris;48.8620519436; 2.30178420665;1;1;1
393058;393058;393058;75115;Paris;48.8559093189; 2.28968029764;1;1;1
393116;393116;393116;92048;Meudon;48.819155929; 2.22962459235;3;3;3
393165;393165;393165;78646;Versailles;48.7968721628; 2.15370348977;4;4;4
393173;393173;393173;78686;Viroflay;48.7997821325; 2.18396483387;3;3;3
393223;393223;393223;78545;Saint-Cyr-l'Ecole;48.7989222361; 2.07296401601;5;5;5
393314;393314;393314;78517;Rambouillet;48.6437876582; 1.83120236411;5;5;5
393512;393512;393512;78322;Jouy-en-Josas;48.7649345138; 2.16348314333;4;4;4
393611;393611;393611;91345;Longjumeau;48.7021715574; 2.29438365384;4;4;4
393884;393884;393884;78683;Villiers-Saint-Fréderic;48.8154213377; 1.87718983087;5;5;5
394007;394007;394007;28085;Chartres;48.4470815286; 1.47904112441;100;100;100
543181;543181;543181;75116;Paris;48.8571247692; 2.27486035986;1;1;1
545152;545152;545152;91132;Chamarande;48.5149456565; 2.21658535038;5;5;5
545277;545277;545277;94077;Villeneuve-le-Roi;48.7398253728; 2.42618441057;4;4;4
545285;545285;545285;94022;Choisy-le-Roi;48.7646791205; 2.41097222313;3;3;3
545475;545475;545475;91207;Egly;48.5824269228; 2.22228216751;5;5;5
545731;545731;545731;28051;Bonneval;48.186287565; 1.3861167316;100;100;100
546200;546200;546200;94054;Orly;48.7417910405; 2.40277215996;4;4;4
546291;546291;546291;94065;Rungis;48.7402800868; 2.35276043346;4;4;4
547307;547307;547307;75107;Paris;48.8592617784; 2.327951672;1;1;1
681353;681353;681353;91521;Evry;48.6479449073; 2.43641871488;5;5;5
681411;681411;681411;91386;Mennecy;48.5710632679; 2.43325188735;5;5;5
682104;682104;682104;91421;Montgeron;48.7080369018; 2.46228325227;4;4;4
682112;682112;682112;91691;Yerres;48.7067634252; 2.48337131052;4;4;4
682146;682146;682146;77122;Combs-la-Ville;48.6671976463; 2.54769338184;5;5;5
682179;682179;682179;77285;Le Mée-sur-Seine;48.5399387084; 2.62404631973;5;5;5
682302;682302;682302;77305;Montereau-Fault-Yonne;48.3798317075; 2.94290979682;5;5;5
682419;682419;682419;77096;Chartrettes;48.4871097023; 2.69505424001;5;5;5
682443;682443;682443;77442;Samoreau;48.4305611079; 2.75278446885;5;5;5
682476;682476;682476;77210;La Grande-Paroisse;48.3786447963; 2.89744111747;5;5;5
682542;682542;682542;77407;Saint-Fargeau-Ponthierry;48.5645508759; 2.54245766803;5;5;5
684001;684001;684001;45208;Montargis;48.0071802686; 2.74297582165;100;100;100
684118;684118;684118;77048;Bourron-Marlotte;48.3327513392; 2.69223391218;5;5;5
684126;684126;684126;77431;Saint-Pierre-lès-Nemours;48.2679088703; 2.68565411114;5;5;5
684191;684191;684191;77016;Bagneaux-sur-Loing;48.230720823; 2.70325251947;5;5;5
684217;684217;684217;77458;Souppes-sur-Loing;48.1819631741; 2.7351551039;5;5;5
684233;684233;684233;45127;Dordives;48.1476530629; 2.76250789444;100;100;100
686667;686667;686667;75112;Paris;48.8397147738; 2.38244508142;1;1;1
758003;758003;758003;75108;Paris;48.8756403455; 2.30026252375;1;1;1
758011;758011;758011;92062;;48.8921319365; 2.23758257184;3;3;3
758367;758367;758367;77258;Lognes;48.8389308762; 2.6341133067;5;5;5
758599;758599;758599;75109;Paris;48.8718083114; 2.3304290066;1;1;1
758722;758722;758722;92071;Chatenay-Malabry;48.7800404985; 2.2815489662;3;3;3
758748;758748;758748;92002;Antony;48.7624325685; 2.30488398555;3;3;3
758821;758821;758821;91477;Palaiseau;48.7061217032; 2.2116059812;4;4;4
758854;758854;758854;91122;Bures-sur-Yvette;48.6958044781; 2.16306227518;5;5;5
111278;111278;111278;75117;Paris;48.8940677111; 2.31441088724;1;1;1
113407;113407;113407;93010;Bondy;48.8943813736; 2.47873446467;3;3;3
113696;113696;113696;93064;Rosny-sous-Bois;48.8827036731; 2.48149612336;3;3;3
113746;113746;113746;94052;Nogent-sur-Marne;48.8387213192; 2.49407704122;3;3;3
113795;113795;113795;94079;Villiers-sur-Marne;48.8231802547; 2.54232320839;4;4;4
113852;113852;113852;93057;Les Pavillons-sous-Bois;48.9020940307; 2.51140436982;4;4;4
116012;116012;116012;77215;Gretz-Armainvilliers;48.7454247254; 2.72874414729;5;5;5
116079;116079;116079;77493;Verneuil-l'Etang;48.644845508; 2.82466540585;5;5;5
116160;116160;116160;77379;Provins;48.555694263; 3.30284528743;5;5;5
116178;116178;116178;77404;Sainte-Colombe;48.5301748255; 3.257217473;5;5;5
116327;116327;116327;77171;Esbly;48.9030870706; 2.81083070974;5;5;5
116343;116343;116343;77070;Chailly-en-Brie;48.8143452308; 3.15249004519;5;5;5
116376;116376;116376;77432;Saint-Rémy-la-Vanne;48.8001565925; 3.2462310892;5;5;5
116574;116574;116574;2186;Chézy-sur-Marne;48.9918518743; 3.36428923528;100;100;100
271023;271023;271023;75110;;48.8794550008; 2.35733955798;1;1;1
271429;271429;271429;93071;Sevran;48.9360642047; 2.53489935862;4;4;4
271486;271486;271486;93078;Villepinte;48.9736522285; 2.51419793524;4;4;4
276055;276055;276055;95219;Ermont;48.9806576563; 2.27103879067;4;4;4
276063;276063;276063;95219;Ermont;48.9853847601; 2.25675064268;4;4;4
276071;276071;276071;95252;Franconville;48.9932769106; 2.23584452688;4;4;4
276238;276238;276238;95280;Goussainville;49.0324547903; 2.47658413334;5;5;5
276287;276287;276287;60482;Orry-la-Ville;49.1257586117; 2.5076550049;100;100;100
276436;276436;276436;95199;Domont;49.0326887538; 2.33747334398;4;4;4
276451;276451;276451;95116;Bruyères-sur-Oise;49.1551082977; 2.32580235002;100;100;100
276493;276493;276493;95430;Montsoult;49.0658729794; 2.32195203517;5;5;5
276501;276501;276501;95504;Presles;49.1134158059; 2.2877319038;5;5;5
276600;276600;276600;95563;Saint-Leu-la-Forêt;49.0158381117; 2.24256299137;4;4;4
276758;276758;276758;95452;Nointel;49.1336388945; 2.28090693668;5;5;5
332957;332957;332957;91511;Pussay;48.3483125853; 1.9968179759;5;5;5
381038;381038;381038;75116;Paris;48.8718288723; 2.27631406885;1;1;1
381095;381095;381095;92025;Colombes;48.9315212251; 2.26073536363;3;3;3
381129;381129;381129;92044;Clichy;48.8969214742; 2.29837992753;2;2;2
381145;381145;381145;95476;Osny;49.0628244058; 2.0576383659;5;5;5
381186;381186;381186;95584;Santeuil;49.123427593; 1.94935897017;5;5;5
381194;381194;381194;95142;Chars;49.1630112869; 1.93670257742;5;5;5
381202;381202;381202;60356;Lavilletertre;49.2024720685; 1.92046264154;100;100;100
381210;381210;381210;60361;Liancourt-Saint-Pierre;49.2203975952; 1.90546252518;100;100;100
381418;381418;381418;95218;Eragny;49.0181200699; 2.0909986273;5;5;5
381558;381558;381558;78327;Juziers;48.9923354006; 1.84569581402;5;5;5
381582;381582;381582;78335;Limay;48.9841604689; 1.74712329464;5;5;5
381616;381616;381616;78385;Ménerville;48.966463674; 1.60119354803;5;5;5
381657;381657;381657;78005;Achères;48.9700946335; 2.07739969014;5;5;5
381871;381871;381871;95257;La Frette-sur-Seine;48.9801682958; 2.18016741599;4;4;4
382218;382218;382218;92062;Courbevoie;48.8934895769; 2.23827508094;3;3;3
382374;382374;382374;92073;Suresnes;48.8717069629; 2.22110944905;3;3;3
382432;382432;382432;78126;La Celle-Saint-Cloud;48.8425404524; 2.1379646985;4;4;4
382457;382457;382457;78350;Louveciennes;48.8610558392; 2.12308717495;4;4;4
382481;382481;382481;78224;L'Etang-la-Ville;48.8678965333; 2.05095165696;5;5;5
382812;382812;382812;78367;Mareil-Marly;48.8814243962; 2.07932950165;4;4;4
382887;382887;382887;78686;Viroflay;48.8056300572; 2.16835422409;3;3;3
386409;386409;386409;78311;Houilles;48.9208344027; 2.18450665388;4;4;4
386664;386664;386664;78642;Verneuil-sur-Seine;48.9923583678; 1.95517622117;5;5;5
391565;391565;391565;92023;Clamart;48.8138845157; 2.27304791512;2;2;2
393108;393108;393108;92048;Meudon;48.8149324174; 2.24095618611;3;3;3
393157;393157;393157;78646;Versailles;48.8000745093; 2.12808696641;4;4;4
393215;393215;393215;78686;Viroflay;48.8009065351; 2.17125395986;3;3;3
393256;393256;393256;78644;La Verrière;48.7555931459; 1.943839859;5;5;5
393280;393280;393280;78220;Les Essarts-le-Roi;48.721360918; 1.88928386117;5;5;5
393322;393322;393322;75115;Paris;48.838743022; 2.27059360886;1;1;1
393447;393447;393447;78465;Orgerus;48.8272442915; 1.70387667474;5;5;5
393470;393470;393470;28235;Marchezais;48.7684451651; 1.51341158058;100;100;100
393488;393488;393488;28134;Dreux;48.7312168411; 1.37063305623;100;100;100
393504;393504;393504;78343;Les Loges-en-Josas;48.7704181964; 2.14650866618;4;4;4
393546;393546;393546;91064;Bièvres;48.7512563717; 2.21558821686;4;4;4
393835;393835;393835;78621;Trappes;48.7750462311; 2.00670966763;5;5;5
394155;394155;394155;28201;Jouy;48.5111319853; 1.55859105877;100;100;100
415604;415604;415604;27681;Vernon;49.0912857364; 1.47836264478;100;100;100
415893;415893;415893;78089;Bonnières-sur-Seine;49.0386031492; 1.58150822592;5;5;5
430884;430884;430884;77240;Jouy-sur-Morin;48.7906825339; 3.27406177755;5;5;5
543090;543090;543090;91016;Angerville;48.3113344052; 2.00368952585;5;5;5
543207;543207;543207;75116;Paris;48.8530831497; 2.28031289395;1;1;1
545129;545129;545129;91294;Guillerval;48.3743438864; 2.05975019095;5;5;5
545186;545186;545186;91376;Marolles-en-Hurepoix;48.5656724691; 2.29085245139;5;5;5
545194;545194;545194;91103;Brétigny-sur-Orge;48.6066856038; 2.3023104096;5;5;5
545467;545467;545467;91021;Arpajon;48.5861831007; 2.24091796258;5;5;5
545483;545483;545483;91105;Breuillet;48.577116663; 2.19179929447;5;5;5
545517;545517;545517;91593;Sermaise;48.5355139146; 2.06881558987;5;5;5
545756;545756;545756;28088;Châteaudun;48.0734020797; 1.33842596776;100;100;100
546226;546226;546226;94054;Orly;48.7453864158; 2.41731902384;4;4;4
681247;681247;681247;94046;Maisons-Alfort;48.7889407184; 2.43215833774;3;3;3
681304;681304;681304;91657;Vigneux-sur-Seine;48.708293361; 2.41443702418;4;4;4
681361;681361;681361;91228;Evry;48.6345552996; 2.45200315248;5;5;5
681379;681379;681379;91286;Grigny;48.6535538719; 2.39606757755;5;5;5
681486;681486;681486;91359;Maisse;48.3935999978; 2.39342651735;5;5;5
681619;681619;681619;91659;Villabé;48.5928271304; 2.46153266588;5;5;5
681627;681627;681627;91179;Le Coudray-Montceaux;48.5732459737; 2.47962426418;5;5;5
681858;681858;681858;94078;Villeneuve-Saint-Georges;48.7652024341; 2.433338632;3;3;3
682401;682401;682401;77255;Livry-sur-Seine;48.5101258788; 2.67921963213;5;5;5
682500;682500;682500;77152;Dammarie-les-Lys;48.5149781204; 2.59909325048;5;5;5
683102;683102;683102;89460;Villeneuve-la-Guyard;48.3429016065; 3.07178315297;100;100;100
683201;683201;683201;89160;Etigny;48.1380851657; 3.28981843096;100;100;100
683227;683227;683227;89348;Saint-Julien-du-Sault;48.0269531835; 3.30273208645;100;100;100
758052;758052;758052;92063;Rueil-Malmaison;48.8873126905; 2.17119529456;3;3;3
758128;758128;758128;94033;Fontenay-sous-Bois;48.843430303; 2.46433886226;3;3;3
758185;758185;758185;94068;Saint-Maur-des-Fossés;48.7949783026; 2.51314013385;3;3;3
758201;758201;758201;94004;Boissy-Saint-Léger;48.7530423598; 2.50534535329;4;4;4
758342;758342;758342;93051;Champs-sur-Marne;48.8425892215; 2.57822488113;4;4;4
758375;758375;758375;77468;Torcy;48.8393450116; 2.65474342419;5;5;5
758631;758631;758631;75114;Paris;48.8342947596; 2.33250330562;1;1;1
758656;758656;758656;94037;Gentilly;48.8151690461; 2.34101082385;2;2;2
70902;70902;70902;91479;Orly;48.7280530531; 2.36789206811;3;3;3
113209;113209;113209;93055;Pantin;48.8977738494; 2.40040674765;2;2;2
113712;113712;113712;94033;Fontenay-sous-Bois;48.8574201112; 2.49041522851;3;3;3
113845;113845;113845;93077;Bondy;48.892289456; 2.49832798223;3;3;3
113878;113878;113878;93077;Villemomble;48.8968173808; 2.50598887899;4;4;4
116137;116137;116137;77260;Longueville;48.5135111491; 3.24968452995;5;5;5
116269;116269;116269;77219;Guérard;48.8103668281; 2.95485878112;5;5;5
116301;116301;116301;77131;Coulommiers;48.8077692012; 3.08204722637;5;5;5
116319;116319;116319;77464;Thorigny-sur-Marne;48.8820106403; 2.70410248006;5;5;5
116558;116558;116558;77397;Saâcy-sur-Marne;48.9739654548; 3.21952329256;5;5;5
116632;116632;116632;77257;Lizy-sur-Ourcq;49.0215418405; 3.03159105379;5;5;5
116640;116640;116640;77148;Crouy-sur-Ourcq;49.0915297302; 3.06292161569;5;5;5
164780;164780;164780;93066;Saint-Denis;48.9175433405; 2.35095898431;2;2;2
271015;271015;271015;93066;Saint-Denis;48.9347897043; 2.34599834644;3;3;3
271148;271148;271148;93031;Epinay-sur-Seine;48.9541604559; 2.30247161058;3;3;3
271163;271163;271163;93059;Pierrefitte-sur-Seine;48.9641176453; 2.37218092579;4;4;4
271395;271395;271395;93013;Le Bourget;48.9308838397; 2.42577594169;3;3;3
271452;271452;271452;93078;Villepinte;48.9630240237; 2.51218261685;4;4;4
276089;276089;276089;95051;Beauchamp;49.0075447708; 2.19773281432;4;4;4
276105;276105;276105;95572;Saint-Ouen-l'Aumône;49.0454779554; 2.10653399744;5;5;5
276113;276113;276113;60141;Chantilly;49.1869791522; 2.45956612376;100;100;100
276162;276162;276162;95039;Auvers-sur-Oise;49.069147417; 2.1421368153;5;5;5
276196;276196;276196;95268;Garges-les-Gonesse;48.976925667; 2.39068772914;4;4;4
276261;276261;276261;95250;Fosses;49.0995751583; 2.52546755625;5;5;5
276386;276386;276386;95539;Saint-Brice-sous-Foret;48.9952928969; 2.36844640671;4;4;4
276402;276402;276402;60584;Saint-Leu-d'Esserent;49.2141661856; 2.41815751212;100;100;100
276519;276519;276519;95134;Champagne-sur-Oise;49.1358514708; 2.24182227993;5;5;5
276584;276584;276584;95219;Ermont;48.9898013025; 2.26322997895;4;4;4
276592;276592;276592;95219;Ermont;48.9971223075; 2.25865802489;4;4;4
332940;332940;332940;91414;Monnerville;48.3465786191; 2.04414375257;5;5;5
337980;337980;337980;95572;Saint-Ouen-l'Aumône;49.0342846592; 2.12789079156;4;4;4
381228;381228;381228;60143;Chaumont-en-Vexin;49.2614118567; 1.8717330089;100;100;100
381236;381236;381236;60644;Trie-Château;49.2825388857; 1.81811969251;100;100;100
381624;381624;381624;78107;Bréval;48.9431263219; 1.54133018167;5;5;5
381798;381798;381798;95018;Argenteuil;48.9503798452; 2.23111195402;4;4;4
381822;381822;381822;78401;Meulan;49.006724462; 1.91930866297;5;5;5
381830;381830;381830;78299;Hardricourt;49.005736642; 1.90188702143;5;5;5
381848;381848;381848;95018;Argenteuil;48.94700319; 2.25717871305;5;5;5
381863;381863;381863;95176;Cormeilles-en-Parisis;48.9686551718; 2.19337424669;4;4;4
381889;381889;381889;95306;Herblay;48.9903516533; 2.16198853167;4;4;4
381897;381897;381897;78172;Conflans-Sainte-Honorine;48.997043425; 2.09803681774;5;5;5
382002;382002;382002;92026;Courbevoie;48.9055805862; 2.26857173893;3;3;3
382200;382200;382200;92026;Courbevoie;48.8982514361; 2.24797129852;3;3;3
382259;382259;382259;92033;Garches;48.8383162045; 2.1868735901;3;3;3
382333;382333;382333;92022;Chaville;48.812136312; 2.18783398094;3;3;3
382341;382341;382341;92072;Sèvres;48.8274217325; 2.20055846234;3;3;3
382440;382440;382440;78126;La Celle-Saint-Cloud;48.8542235026; 2.13224046835;4;4;4
382465;382465;382465;78372;Marly-le-Roi;48.8713498332; 2.09662765703;4;4;4
382499;382499;382499;95127;Cergy;49.0497023367; 2.03445484969;5;5;5
382655;382655;382655;95127;Cergy;49.0485388268; 2.01227395158;5;5;5
382804;382804;382804;78551;Saint-Germain-en-Laye;48.9031868487; 2.07312748284;4;4;4
383281;383281;383281;91377;Massy;48.7347809541; 2.27314560366;4;4;4
384008;384008;384008;75109;Paris;48.875357836; 2.32473327749;1;1;1
386318;386318;386318;92050;Nanterre;48.9015475909; 2.21516720292;3;3;3
386425;386425;386425;78358;Maisons-Laffitte;48.9459130297; 2.14464783894;4;4;4
386649;386649;386649;78672;Villennes-sur-Seine;48.9395062922; 1.99947999933;5;5;5
386730;386730;386730;78029;Aubergenville;48.9719470473; 1.84846949108;5;5;5
393066;393066;393066;75115;Paris;48.8461610853; 2.27686168157;1;1;1
393082;393082;393082;92048;Meudon;48.8079219482; 2.24094197508;3;3;3
393272;393272;393272;78168;Coignières;48.7436769393; 1.92077150693;5;5;5
393306;393306;393306;92040;Issy-les-Moulineaux;48.8293825611; 2.26320018157;2;2;2
393348;393348;393348;78269;Gazeran;48.6259584399; 1.77076179071;5;5;5
393363;393363;393363;78062;Beynes;48.8593481468; 1.87584668455;5;5;5
393462;393462;393462;78310;Houdan;48.7960015891; 1.60224956795;5;5;5
393538;393538;393538;78322;Jouy-en-Josas;48.7591305371; 2.19203757667;4;4;4
393561;393561;393561;91312;Igny;48.7400090233; 2.23114741428;4;4;4
393629;393629;393629;78490;Plaisir;48.8306864145; 1.96004233912;5;5;5
393876;393876;393876;78455;Noisy-le-Roi;48.8415623011; 2.06203082551;5;5;5
393892;393892;393892;78389;Méré;48.8026374764; 1.81546288723;5;5;5
415885;415885;415885;78531;Rosny-sur-Seine;48.9971698871; 1.63062589505;5;5;5
430819;430819;430819;77182;La Ferté-Gaucher;48.7823112378; 3.30694912567;5;5;5
430900;430900;430900;77240;Jouy-sur-Morin;48.7982788645; 3.26705580779;5;5;5
545111;545111;545111;91414;Monnerville;48.3483286088; 2.03223751007;5;5;5
545137;545137;545137;91223;Etampes;48.4367952365; 2.15947993947;5;5;5
545178;545178;545178;91330;Lardy;48.5332110052; 2.29027219707;5;5;5
545202;545202;545202;91570;Saint-Michel-sur-Orge;48.6353259804; 2.30660399448;5;5;5
545228;545228;545228;91216;Epinay-sur-Orge;48.6694066029; 2.33192121737;4;4;4
545236;545236;545236;91589;Savigny-sur-Orge;48.6760035539; 2.35181832836;4;4;4
545269;545269;545269;94001;Ablon-sur-Seine;48.7253771442; 2.41924456072;4;4;4
545293;545293;545293;94081;Vitry-sur-Seine;48.800528137; 2.40241090458;3;3;3
545525;545525;545525;91200;Dourdan;48.5336120759; 2.00970050084;5;5;5
546317;546317;546317;92002;Antony;48.7480982614; 2.31238192134;4;4;4
547026;547026;547026;75113;Paris;48.8441510423; 2.36470621178;1;1;1
681346;681346;681346;91521;Ris-Orangis;48.6362887654; 2.40777964556;5;5;5
681387;681387;681387;91228;Evry;48.6257123657; 2.42872870052;5;5;5
681478;681478;681478;91099;Boutigny-sur-Essonne;48.4348816689; 2.37658302485;5;5;5
681809;681809;681809;94078;Villeneuve-Saint-Georges;48.745666991; 2.43835838754;4;4;4
681825;681825;681825;94078;Villeneuve-Saint-Georges;48.7299751663; 2.44656156169;4;4;4
682138;682138;682138;91097;Boussy-Saint-Antoine;48.6809756297; 2.53296680371;5;5;5
682161;682161;682161;77067;Cesson;48.565664426; 2.59376744623;5;5;5
682278;682278;682278;77491;Veneux-les-Sablons;48.3784037648; 2.79952521791;5;5;5
682294;682294;682294;77419;Saint-Mammès;48.3821776716; 2.8158628021;5;5;5
682518;682518;682518;77040;Boissise-le-Roi;48.5296683347; 2.57299051053;5;5;5
683003;683003;683003;89387;Sens;48.198038068; 3.26732685561;100;100;100
683219;683219;683219;89464;Villeneuve-sur-Yonne;48.0849399517; 3.28625332401;100;100;100
683268;683268;683268;89257;Migennes;47.9608533915; 3.51294069569;100;100;100
684100;684100;684100;77312;Montigny-sur-Loing;48.3376736682; 2.7385490063;5;5;5
684407;684407;684407;91069;Boigneville;48.342350244; 2.3789411123;5;5;5
686030;686030;686030;75112;Paris;48.8458651759; 2.37392601967;1;1;1
730069;730069;730069;77449;Serris;48.856066847; 2.77507058255;5;5;5
113217;113217;113217;93053;Noisy-le-Sec;48.896702921; 2.45993049229;3;3;3
113514;113514;113514;93032;Gagny;48.8832783553; 2.52678071322;4;4;4
113522;113522;113522;93032;Gagny;48.8772579359; 2.55260641607;4;4;4
113886;113886;113886;93046;Livry-Gargan;48.922288819; 2.51685904559;4;4;4
115873;115873;115873;77368;Poigny;48.5453574035; 3.28705609292;5;5;5
116038;116038;116038;77390;Roissy-en-Brie;48.7954076773; 2.64984936854;5;5;5
116103;116103;116103;77284;Meaux;48.9574880158; 2.87398151191;5;5;5
116111;116111;116111;77108;Chelles;48.8743421869; 2.58250078541;4;4;4
116285;116285;116285;77320;Mouroux;48.813550996; 3.04331621776;5;5;5
116293;116293;116293;77479;Vaires-sur-Marne;48.8752353152; 2.63968946902;5;5;5
116350;116350;116350;77436;Saint-Siméon;48.8112873771; 3.17476072409;5;5;5
116368;116368;116368;77436;Saint-Siméon;48.7996831102; 3.20860208784;5;5;5
116582;116582;116582;2168;Château-Thierry;49.0379095539; 3.409410548;100;100;100
116616;116616;116616;77231;Isles-les-Meldeuses;48.9981165045; 3.00749816426;5;5;5
116731;116731;116731;77413;Saint-Germain-sur-Morin;48.8826500019; 2.85406030652;5;5;5
164798;164798;164798;93066;Saint-Denis;48.9182603833; 2.36264549454;2;2;2
271031;271031;271031;75110;Paris;48.8794550008; 2.35733955798;1;1;1
271304;271304;271304;93027;La Courneuve;48.9237716573; 2.38465954977;3;3;3
271403;271403;271403;93029;Drancy;48.9328715049; 2.45513299027;3;3;3
271437;271437;271437;93078;Villepinte;48.944589686; 2.56672079041;4;4;4
271510;271510;271510;77294;Mitry-Mory;48.953250388; 2.60263346127;5;5;5
271528;271528;271528;77294;Mitry-Mory;48.9757656753; 2.64247497956;5;5;5
271551;271551;271551;60500;Le Plessis-Belleville;49.0961273605; 2.7446768019;5;5;5
272039;272039;272039;95594;Seugy;49.1192234592; 2.39948681935;5;5;5
272047;272047;272047;77123;Compans;48.9915757372; 2.66518220038;5;5;5
272054;272054;272054;77462;Thieux;49.008705923; 2.68045376536;5;5;5
276097;276097;276097;95488;Pierrelaye;49.0194997296; 2.15359623504;5;5;5
276246;276246;276246;95280;Goussainville;49.024067636; 2.4631569019;5;5;5
276345;276345;276345;95197;Deuil-la-Barre;48.975805318; 2.33774613332;4;4;4
276485;276485;276485;95091;Bouffémont;49.0451335667; 2.3227920356;5;5;5
276550;276550;276550;95056;Belloy-en-France;49.0975553134; 2.36066745509;5;5;5
276634;276634;276634;95607;Taverny;49.0253901291; 2.22176165616;4;4;4
276642;276642;276642;95060;Bessancourt;49.0357302371; 2.21002564995;5;5;5
276659;276659;276659;95256;Frépillon;49.0462385732; 2.19720455205;5;5;5
332973;332973;332973;91016;Angerville;48.312467934; 2.0007574059;5;5;5
381152;381152;381152;95078;Boissy-l'Aillerie;49.0757741194; 2.02535654106;5;5;5
381178;381178;381178;95625;Us;49.099673443; 1.97050200454;5;5;5
381483;381483;381483;78015;Andrésy;48.9871023339; 2.05969989674;5;5;5
381566;381566;381566;78267;Gargenville;48.9830117502; 1.80886489228;5;5;5
381574;381574;381574;78314;Issou;48.9792913425; 1.7850515873;5;5;5
381723;381723;381723;78380;Maule;48.90907265; 1.85695686135;5;5;5
381731;381731;381731;78451;Nézel;48.9386178404; 1.84051710634;5;5;5
381806;381806;381806;78624;Triel-sur-Seine;48.9810063299; 2.00562594712;5;5;5
382366;382366;382366;92064;Saint-Cloud;48.8569094152; 2.21677050352;3;3;3
382473;382473;382473;78224;L'Etang-la-Ville;48.8681535535; 2.07679348122;5;5;5
382879;382879;382879;78646;Versailles;48.8067100466; 2.15124665346;4;4;4
386003;386003;386003;92035;La Garenne-Colombes;48.9094340652; 2.23992160213;3;3;3
386300;386300;386300;92035;La Garenne-Colombes;48.9134465868; 2.25785779479;3;3;3
386656;386656;386656;78642;Verneuil-sur-Seine;48.9813992206; 1.98285008374;5;5;5
386680;386680;386680;78440;Les Mureaux;48.9926654868; 1.9130448593;5;5;5
391003;391003;391003;75114;Paris;48.8405039394; 2.3194723448;1;1;1
393124;393124;393124;92072;Sèvres;48.8213074115; 2.21458013796;3;3;3
393207;393207;393207;92022;Chaville;48.8047850879; 2.18846743145;3;3;3
393405;393405;393405;78242;Fontenay-le-Fleury;48.8073664634; 2.04060376202;5;5;5
393413;393413;393413;78165;Les Clayes-sous-Bois;48.8240093053; 1.99292226774;5;5;5
393652;393652;393652;91216;Epinay-sur-Orge;48.6761212575; 2.33403789799;4;4;4
545244;545244;545244;91326;Juvisy-sur-Orge;48.6894695504; 2.38321063154;4;4;4
758623;758623;758623;75106;Paris;48.839831199; 2.33666920248;1;1;1
758730;758730;758730;92002;Sceaux;48.7706579571; 2.31005953531;4;4;4
758771;758771;758771;92002;Antony;48.7395785722; 2.28746296112;4;4;4
758896;758896;758896;78575;Saint-Rémy-lès-Chevreuse;48.7028869861; 2.07076307637;5;5;5
988709;988709;988709;93010;Bondy;48.8928864431; 2.48854373913;3;3;3
393439;393439;393439;78265;Garancières;48.8103771718; 1.7648574661;5;5;5
393579;393579;393579;91377;Massy;48.7249016766; 2.25659692368;4;4;4
393637;393637;393637;91161;Chilly-Mazarin;48.7007825444; 2.30830358876;4;4;4
430918;430918;430918;77240;Jouy-sur-Morin;48.7916835759; 3.25635379317;5;5;5
431791;431791;431791;93071;Sevran;48.9306303553; 2.51575588791;4;4;4
545509;545509;545509;91540;Saint-Chéron;48.5509652776; 2.12555154219;5;5;5
546192;546192;546192;94073;Thiais;48.7478708023; 2.37293264591;4;4;4
547315;547315;547315;75104;Paris;48.8534830378; 2.34386002975;1;1;1
681155;681155;681155;94046;Alfortville;48.8020043888; 2.42663105501;3;3;3
681403;681403;681403;91174;Corbeil-Essonnes;48.5861529748; 2.47344029503;5;5;5
681437;681437;681437;91045;Ballancourt-sur-Essonne;48.5324333359; 2.37128293053;5;5;5
681452;681452;681452;91232;La Ferté-Alais;48.4847554433; 2.35172443157;5;5;5
681510;681510;681510;91121;Buno-Bonnevaux;48.3710816036; 2.38672292567;5;5;5
681601;681601;681601;91174;Corbeil-Essonnes;48.6062628825; 2.46449251607;5;5;5
681635;681635;681635;91179;Le Coudray-Montceaux;48.5663615548; 2.4927434828;5;5;5
682187;682187;682187;77445;Savigny-le-Temple;48.5954687946; 2.5831402916;5;5;5
682203;682203;682203;77037;Bois-le-Roi;48.4755666724; 2.69200060593;5;5;5
682252;682252;682252;77463;Thomery;48.3931099094; 2.77909503945;5;5;5
682427;682427;682427;77188;Fontaine-le-Port;48.4875013233; 2.75134395079;5;5;5
682435;682435;682435;77226;Héricy;48.442859651; 2.76046271779;5;5;5
682450;682450;682450;77079;Champagne-sur-Seine;48.4065817182; 2.79922050049;5;5;5
682526;682526;682526;77407;Saint-Fargeau-Ponthierry;48.5350074152; 2.54460207204;5;5;5
683128;683128;683128;89074;Champigny;48.3241404978; 3.13085609526;100;100;100
684241;684241;684241;45148;Fontenay-sur-Loing;48.0966410527; 2.77217703741;100;100;100
754986;754986;754986;77058;Bussy-Saint-Georges;48.8367409178; 2.70977301222;5;5;5
758029;758029;758029;92050;Nanterre;48.895632969; 2.22314127514;3;3;3
758045;758045;758045;92050;Nanterre;48.8954957488; 2.19574459249;3;3;3
758060;758060;758060;78146;Chatou;48.8853948331; 2.15638812921;4;4;4
758102;758102;758102;75112;Paris;48.8482919987; 2.39589344313;1;1;1
758169;758169;758169;94068;Saint-Maur-des-Fossés;48.8051451207; 2.48562114946;3;3;3
758177;758177;758177;94068;Saint-Maur-des-Fossés;48.8069455873; 2.51010547177;3;3;3
758318;758318;758318;93049;Neuilly-Plaisance;48.8534873866; 2.5136654026;3;3;3
758664;758664;758664;94003;Arcueil;48.807475534; 2.33385287317;2;2;2
758698;758698;758698;92014;Bourg-la-Reine;48.7801229868; 2.31306019095;3;3;3
758805;758805;758805;91477;Palaiseau;48.7178295117; 2.24650156983;4;4;4
758813;758813;758813;91477;Palaiseau;48.7076740717; 2.23720264144;4;4;4
758839;758839;758839;91471;Orsay;48.7049120727; 2.19136051979;5;5;5
758847;758847;758847;91471;Orsay;48.6976916156; 2.18217452645;5;5;5
754994;754994;754994;77111;Chessy;48.8705976925; 2.78287721332;5;5;5
758037;758037;758037;92050;Nanterre;48.9015475909; 2.21516720292;3;3;3
758110;758110;758110;94080;Vincennes;48.8473150518; 2.43327284147;2;2;2
758136;758136;758136;94052;Nogent-sur-Marne;48.8343444968; 2.47194060412;3;3;3
758151;758151;758151;94068;Saint-Maur-des-Fossés;48.8063293818; 2.4723169521;3;3;3
758193;758193;758193;94071;Sucy-en-Brie;48.7709967645; 2.50806859096;4;4;4
758334;758334;758334;93051;Noisy-le-Grand;48.8409753849; 2.54770380568;4;4;4
758672;758672;758672;94016;Cachan;48.798280675; 2.32790817631;3;3;3
758706;758706;758706;92071;Sceaux;48.781412968; 2.29718793977;3;3;3
758755;758755;758755;92002;Antony;48.7546567024; 2.30097393388;3;3;3
758763;758763;758763;92002;Antony;48.7431863371; 2.29659224464;4;4;4
758870;758870;758870;91272;Gif-sur-Yvette;48.6983695617; 2.13669740173;5;5;5
785436;785436;785436;75104;Paris;48.8534470903; 2.34381916735;1;1;1
988717;988717;988717;93046;Livry-Gargan;48.9166477752; 2.51499863734;4;4;4
608802;608802;608802; ; ;48.771705; 2.435188;;;
